year,accuracy,f1_score,correct,total
2007,0.75,0.7433333333333334,75,100
2008,0.84,0.858,84,100
2009,0.83,0.82,83,100
2010,0.79,0.7906666666666666,79,100
2011,0.79,0.7976190476190474,79,100
2012,0.83,0.8166190476190477,83,100
2013,0.74,0.7506666666666666,74,100
2014,0.82,0.816,82,100
2015,0.63,0.6433333333333333,63,100
2016,0.29,0.294,29,100
